{"lastTimestamp":1672972860.79,"lastApr":0.0022154964880308986,"timestamp":1673668595,"apr":0.0023282328898112143,"boughtbackMora":75940.303353537154472282}