{"lastTimestamp":1671409370.632,"lastApr":0.0006848385198597706,"timestamp":1671501034.942,"apr":0.0016959707257570712,"boughtbackMora":null}