{"lastTimestamp":1671501034.942,"lastApr":0.0016959707257570712,"timestamp":1671583324.151,"apr":0.0010266683279737759,"boughtbackMora":56624.1279949483}