{"lastTimestamp":1669864449.46,"lastDeltaBalance":7168,"lastApr":0.07076634712334456,"timestamp":1669882264.836,"deltaBalance":40,"apr":0.0018527929947328723,"boughtbackMora":24375.29202159903}