{"lastTimestamp":1669605118.205,"lastDeltaBalance":2804,"lastApr":0.4594634294058379,"timestamp":1669638835.512,"deltaBalance":14128,"apr":1.245047428935183}