{"lastTimestamp":1669780680.183,"lastDeltaBalance":8759,"lastApr":0.1545941589388489,"timestamp":1669864449.46,"deltaBalance":7168,"apr":0.07076634712334456}