{"lastTimestamp":1672018443.15,"lastApr":0.021234452272193376,"timestamp":1672109777.971,"apr":0.0010993550433485942,"boughtbackMora":65207.02480674359}