{"lastTimestamp":1671761106.916,"lastApr":0.00007478642527419921,"timestamp":1671844470.807,"apr":0.0154810498,"boughtbackMora":60202.5754239132}