{"lastTimestamp":1671583324.151,"lastApr":0.0010266683279737759,"timestamp":1671677855.624,"apr":0.002533562348598848,"boughtbackMora":57122.230691513025}