{"lastTimestamp":1671163902,"lastApr":0.040492118,"timestamp":1671166631.63,"apr":0.675697652071598,"boughtbackMora":55574.1197083}