{"lastTimestamp":1671166631.63,"lastApr":0.675697652071598,"timestamp":1671242582.925,"apr":0.025002142306227035,"boughtbackMora":59442.1197083}