{"lastTimestamp":1671844470.807,"lastApr":0.0154810498,"timestamp":1671933797.53,"apr":0.021234452272193376,"boughtbackMora":64192.84624397875}