{"lastTimestamp":1671325901.373,"lastApr":0.0008290020051206769,"timestamp":1671409370.632,"apr":0.0006848385198597706,"boughtbackMora":55939.3931242}