{"lastTimestamp":1669574925.929,"lastDeltaBalance":18085,"lastApr":128.844071589,"timestamp":1669605118.205,"deltaBalance":2804,"apr":0.4594634294058379}