{"lastTimestamp":1671242582.925,"lastApr":0.025002142306227035,"timestamp":1671325901.373,"apr":0.0008290020051206769,"boughtbackMora":55822.3931242}