{"lastTimestamp":1672201112.971,"lastApr":0.0010993550433485942,"timestamp":1672972860.79,"apr":0.0022154964880308986,"boughtbackMora":71902.398076697516495818}