{"lastTimestamp":1671677855.624,"lastApr":0.002533562348598848,"timestamp":1671761106.916,"apr":0.00007478642527419921,"boughtbackMora":57500.89390206354}