{"lastTimestamp":1696922016.615,"lastAnnualValueUsd":62.29321548961146,"timestamp":1696988701.893,"annualValueUsd":234.6773546007346,"boughtbackToken":2.393991995}
