{"lastTimestamp":1695870968.995,"lastAnnualValueUsd":98.7146783622396,"timestamp":1695957773.754,"annualValueUsd":26.96250127605173,"boughtbackToken":2.232683562}
