{"lastTimestamp":1702343867.334,"lastAnnualValueUsd":5825.246515048903,"timestamp":1702439003,"annualValueUsd":7160.43995276,"boughtbackToken":7.813918684}
