{"lastTimestamp":1702001226.766,"lastAnnualValueUsd":3350.299702229557,"timestamp":1702084707.543,"annualValueUsd":6674.464415756531,"boughtbackToken":6.451965047}
