{"lastTimestamp":1703831254.666,"lastAnnualValueUsd":245111.480378,"timestamp":1703902707.156,"annualValueUsd":85065.4977528,"boughtbackToken":42.653472296}
