{"lastTimestamp":1691544063.679,"lastAnnualValueUsd":326.0566163131848,"timestamp":1691638948.289,"annualValueUsd":339.68820494963313,"boughtbackToken":0.450273112}
