{"lastTimestamp":1695783085.171,"lastAnnualValueUsd":0,"timestamp":1695870968.995,"annualValueUsd":98.7146783622396,"boughtbackToken":2.229005865}
