{"lastTimestamp":1694248600.973,"lastAnnualValueUsd":102.14514777753834,"timestamp":1694744815.72,"annualValueUsd":184.11005507656924,"boughtbackToken":2.065356233}
