{"lastTimestamp":1702084707.543,"lastAnnualValueUsd":6674.464415756531,"timestamp":1702180081.766,"annualValueUsd":19854.9938728,"boughtbackToken":7.274484782}
