{"lastTimestamp":1700272245.981,"lastAnnualValueUsd":14518.99128624378,"timestamp":1700357998.614,"annualValueUsd":7489.831518985733,"boughtbackToken":1.283971018}
