{"lastTimestamp":1700531337.219,"lastAnnualValueUsd":5699.455478656508,"timestamp":1700616884.562,"annualValueUsd":18066.43382938558,"boughtbackToken":2.752121128}
