{"lastTimestamp":1690825252,"lastAnnualValueUsd":15.3681747202,"timestamp":1690856080.248,"annualValueUsd":3783.5960861321114,"boughtbackToken":0.157866972}
