{"lastTimestamp":1700876239.514,"lastAnnualValueUsd":3270.2861563744186,"timestamp":1700977746.387,"annualValueUsd":4834.95736436,"boughtbackToken":3.868661521}
