{"lastTimestamp":1693641901.38,"lastAnnualValueUsd":115.84986405744543,"timestamp":1693879759.245,"annualValueUsd":195.48070445040048,"boughtbackToken":1.851925535}
