{"lastTimestamp":1701652690.224,"lastAnnualValueUsd":3020.7097505227753,"timestamp":1701742292.906,"annualValueUsd":3281.6388167151927,"boughtbackToken":5.637864815}
