{"lastTimestamp":1700616884.562,"lastAnnualValueUsd":18066.43382938558,"timestamp":1700704454.372,"annualValueUsd":7855.006366868183,"boughtbackToken":3.126382322}
