{"lastTimestamp":1702796944.588,"lastAnnualValueUsd":20030.881895323335,"timestamp":1702862868.832,"annualValueUsd":35428.32824970318,"boughtbackToken":11.216474342}
