{"lastTimestamp":1704424379.069,"lastAnnualValueUsd":70752.9573436,"timestamp":1704510614.258,"annualValueUsd":41089.7833158,"boughtbackToken":55.916258941}
