{"lastTimestamp":1702699898,"lastAnnualValueUsd":11667.7592908,"timestamp":1702796944.588,"annualValueUsd":20030.881895323335,"boughtbackToken":10.179206296}
