{"lastTimestamp":1704510614.258,"lastAnnualValueUsd":41089.7833158,"timestamp":1704610125.336,"annualValueUsd":34160.3836957,"boughtbackToken":57.052109907}
