{"lastTimestamp":1696562435.615,"lastAnnualValueUsd":63.60695098667287,"timestamp":1696649294.924,"annualValueUsd":101.36775629191402,"boughtbackToken":2.347468945}
