{"lastTimestamp":1696043463.037,"lastAnnualValueUsd":93.53636247441298,"timestamp":1696154583.379,"annualValueUsd":75.81480333856334,"boughtbackToken":2.257465627}
