{"lastTimestamp":1701143730.057,"lastAnnualValueUsd":1512.954824732321,"timestamp":1701156223.577,"annualValueUsd":29769.398887715022,"boughtbackToken":4.34334233}
