{"lastTimestamp":1704851861.778,"lastAnnualValueUsd":32270.097676,"timestamp":1705217242.175,"annualValueUsd":35246.4453199,"boughtbackToken":63.935237468}
