{"lastTimestamp":1703902707.156,"lastAnnualValueUsd":85065.4977528,"timestamp":1704010438.105,"annualValueUsd":70132.0933539,"boughtbackToken":44.85387702}
