{"lastTimestamp":1702522285.061,"lastAnnualValueUsd":17877.5060411,"timestamp":1702610038.823,"annualValueUsd":3618.073193119527,"boughtbackToken":8.867895924}
