{"lastTimestamp":1694744815.72,"lastAnnualValueUsd":184.11005507656924,"timestamp":1695435204.957,"annualValueUsd":85.7487595039117,"boughtbackToken":2.1615746}
