{"lastTimestamp":1691337434.315,"lastAnnualValueUsd":135.30331714881285,"timestamp":1691544063.679,"annualValueUsd":326.0566163131848,"boughtbackToken":0.408092175}
