{"lastTimestamp":1692931608.638,"lastAnnualValueUsd":1093.4318213591841,"timestamp":1693126274.267,"annualValueUsd":50.94356368127289,"boughtbackToken":1.674603518}
