{"lastTimestamp":1700146434.696,"lastAnnualValueUsd":33240.6269747,"timestamp":1700186039.194,"annualValueUsd":11242.625585234677,"boughtbackToken":0.23725518}
