{"lastTimestamp":1698632526.616,"lastAnnualValueUsd":113.79556279257889,"timestamp":1698888828.777,"annualValueUsd":1035.832581550531,"boughtbackToken":2.797310675}
