{"lastTimestamp":1702180081.766,"lastAnnualValueUsd":19854.9938728,"timestamp":1702258290.193,"annualValueUsd":4599.327290761841,"boughtbackToken":7.430456439}
