{"lastTimestamp":1698888828.777,"lastAnnualValueUsd":1035.832581550531,"timestamp":1698982142.192,"annualValueUsd":577.2993777438918,"boughtbackToken":2.841461603}
