{"lastTimestamp":1701156223.577,"lastAnnualValueUsd":29769.398887715022,"timestamp":1701231066.997,"annualValueUsd":2915.906821182476,"boughtbackToken":4.46212632}
