{"lastTimestamp":1696988701.893,"lastAnnualValueUsd":234.6773546007346,"timestamp":1697684039.526,"annualValueUsd":74.15006246978247,"boughtbackToken":2.464191033}
