{"lastTimestamp":1691029936.968,"lastAnnualValueUsd":170.91851984562848,"timestamp":1691135678.121,"annualValueUsd":353.412537347374,"boughtbackToken":0.287728004}
