{"lastTimestamp":1704677533.751,"lastAnnualValueUsd":33739.4221888,"timestamp":1704762805.107,"annualValueUsd":35245.6603445,"boughtbackToken":58.833110996}
