{"lastTimestamp":1704070783.106,"lastAnnualValueUsd":105709.002136,"timestamp":1704163826.828,"annualValueUsd":79641.9181938,"boughtbackToken":48.889217358}
