{"lastTimestamp":1701930746.151,"lastAnnualValueUsd":3661.0154575731217,"timestamp":1702001226.766,"annualValueUsd":3350.299702229557,"boughtbackToken":6.210857482}
