{"lastTimestamp":1693126274.267,"lastAnnualValueUsd":50.94356368127289,"timestamp":1693641901.38,"annualValueUsd":115.84986405744543,"boughtbackToken":1.775650406}
