{"lastTimestamp":1702258290.193,"lastAnnualValueUsd":4599.327290761841,"timestamp":1702343867.334,"annualValueUsd":5825.246515048903,"boughtbackToken":7.65163432}
