{"lastTimestamp":1702949718.226,"lastAnnualValueUsd":19335.748266697097,"timestamp":1702950948.153,"annualValueUsd":22089.3884688,"boughtbackToken":12.30481858}
