{"lastTimestamp":1703227215.694,"lastAnnualValueUsd":84575.6796591,"timestamp":1703380386.08,"annualValueUsd":56613.6052138,"boughtbackToken":24.059032841}
