{"lastTimestamp":1695435204.957,"lastAnnualValueUsd":85.7487595039117,"timestamp":1695631313.687,"annualValueUsd":92.76321311961254,"boughtbackToken":2.191248173}
