{"lastTimestamp":1703475470.558,"lastAnnualValueUsd":96053.3734247,"timestamp":1703560555.855,"annualValueUsd":83711.5578872,"boughtbackToken":28.558890254}
