{"lastTimestamp":1704010438.105,"lastAnnualValueUsd":70132.0933539,"timestamp":1704070783.106,"annualValueUsd":105709.002136,"boughtbackToken":46.837569038}
