{"lastTimestamp":1696154583.379,"lastAnnualValueUsd":75.81480333856334,"timestamp":1696213238.155,"annualValueUsd":518.4670844383681,"boughtbackToken":2.297796571}
