{"lastTimestamp":1693879759.245,"lastAnnualValueUsd":195.48070445040048,"timestamp":1694248600.973,"annualValueUsd":102.14514777753834,"boughtbackToken":1.913285518}
