{"lastTimestamp":1704610125.336,"lastAnnualValueUsd":34160.3836957,"timestamp":1704677533.751,"annualValueUsd":33739.4221888,"boughtbackToken":57.854047469}
