{"lastTimestamp":1701231066.997,"lastAnnualValueUsd":2915.906821182476,"timestamp":1701484532.798,"annualValueUsd":4179.164325981315,"boughtbackToken":5.11752651}
