{"lastTimestamp":1699774909.105,"lastAnnualValueUsd":631.4586035882386,"timestamp":1699843895.632,"annualValueUsd":606.5911471956906,"boughtbackToken":3.011277569}
