{"lastTimestamp":1695957773.754,"lastAnnualValueUsd":26.96250127605173,"timestamp":1696043463.037,"annualValueUsd":93.53636247441298,"boughtbackToken":2.245228281}
