{"lastTimestamp":1699930491.666,"lastAnnualValueUsd":3295.055099410353,"timestamp":1700012898.848,"annualValueUsd":7222.997069392487,"boughtbackToken":3.508493078}
