{"lastTimestamp":1701742292.906,"lastAnnualValueUsd":3281.6388167151927,"timestamp":1701826137.464,"annualValueUsd":6521.2784827014275,"boughtbackToken":5.910048185}
