{"lastTimestamp":1690856080.248,"lastAnnualValueUsd":3783.5960861321114,"timestamp":1690947379.563,"annualValueUsd":483.16036963563937,"boughtbackToken":0.216664325}
