{"lastTimestamp":1700357998.614,"lastAnnualValueUsd":7489.831518985733,"timestamp":1700444880.129,"annualValueUsd":6116.027781383205,"boughtbackToken":1.56037562}
