{"lastTimestamp":1696299493.315,"lastAnnualValueUsd":129.82021609398413,"timestamp":1696562435.615,"annualValueUsd":63.60695098667287,"boughtbackToken":2.33563358}
