{"lastTimestamp":1691221475.025,"lastAnnualValueUsd":63.16784755945725,"timestamp":1691337434.315,"annualValueUsd":135.30331714881285,"boughtbackToken":0.320355841}
