{"lastTimestamp":1698982142.192,"lastAnnualValueUsd":577.2993777438918,"timestamp":1699331765.571,"annualValueUsd":59.32893663772556,"boughtbackToken":2.857539563}
