{"lastTimestamp":1689066358.388,"lastAnnualValueUsd":12.948969453978313,"timestamp":1689150318.119,"annualValueUsd":0.6853844206246515,"boughtbackToken":0.287598314}