{"lastTimestamp":1703126450.588,"lastAnnualValueUsd":132376.713116,"timestamp":1703227215.694,"annualValueUsd":84575.6796591,"boughtbackToken":21.559284314}
