{"lastTimestamp":1673668595,"lastAnnualValueUsd":0,"timestamp":1689066358.388,"annualValueUsd":12.948969453978313,"boughtbackToken":0.287515334}