{"lastTimestamp":1702950948.153,"lastAnnualValueUsd":22089.3884688,"timestamp":1703041634.752,"annualValueUsd":59469.0759425,"boughtbackToken":14.585453445}
