{"lastTimestamp":1703560555.855,"lastAnnualValueUsd":83711.5578872,"timestamp":1703756133,"annualValueUsd":114803.041124,"boughtbackToken":35.404805978}
