{"lastTimestamp":1699602553.29,"lastAnnualValueUsd":230.43553045410292,"timestamp":1699668009.939,"annualValueUsd":1375.7937863025622,"boughtbackToken":2.950735157}
