{"lastTimestamp":1691980334.865,"lastAnnualValueUsd":49.2588715857,"timestamp":1692156926.897,"annualValueUsd":20.045032797977093,"boughtbackToken":0.477076912}
