{"lastTimestamp":1702439003,"lastAnnualValueUsd":7160.43995276,"timestamp":1702522285.061,"annualValueUsd":17877.5060411,"boughtbackToken":13.44}
