{"lastTimestamp":1700186039.194,"lastAnnualValueUsd":11242.625585234677,"timestamp":1700272245.981,"annualValueUsd":14518.99128624378,"boughtbackToken":0.926541463}
