{"lastTimestamp":1704163826.828,"lastAnnualValueUsd":79641.9181938,"timestamp":1704249148.843,"annualValueUsd":80622.7427988,"boughtbackToken":50.907055706}
