{"lastTimestamp":1703380386.08,"lastAnnualValueUsd":56613.6052138,"timestamp":1703475470.558,"annualValueUsd":96053.3734247,"boughtbackToken":26.644848845}
