{"lastTimestamp":1699331765.571,"lastAnnualValueUsd":59.32893663772556,"timestamp":1699602553.29,"annualValueUsd":230.43553045410292,"boughtbackToken":2.89901227}
