{"lastTimestamp":1700704454.372,"lastAnnualValueUsd":7855.006366868183,"timestamp":1700789828.545,"annualValueUsd":6806.2427008179575,"boughtbackToken":3.447390016}
