{"lastTimestamp":1702610038.823,"lastAnnualValueUsd":3618.073193119527,"timestamp":1702699898,"annualValueUsd":11667.7592908,"boughtbackToken":8.867895924}
