{"lastTimestamp":1700012898.848,"lastAnnualValueUsd":7222.997069392487,"timestamp":1700123798.234,"annualValueUsd":22065.7222795,"boughtbackToken":4.659053975}
