{"lastTimestamp":1700444880.129,"lastAnnualValueUsd":6116.027781383205,"timestamp":1700531337.219,"annualValueUsd":5699.455478656508,"boughtbackToken":1.833496828}
