{"lastTimestamp":1701826137.464,"lastAnnualValueUsd":6521.2784827014275,"timestamp":1701930746.151,"annualValueUsd":3661.0154575731217,"boughtbackToken":6.101866642}
