{"lastTimestamp":1700789828.545,"lastAnnualValueUsd":6806.2427008179575,"timestamp":1700876239.514,"annualValueUsd":3270.2861563744186,"boughtbackToken":3.603203363}
