{"lastTimestamp":1692846671.667,"lastAnnualValueUsd":1032.0649248301154,"timestamp":1692931608.638,"annualValueUsd":1093.4318213591841,"boughtbackToken":1.659241292}
