{"lastTimestamp":1699668009.939,"lastAnnualValueUsd":1375.7937863025622,"timestamp":1699774909.105,"annualValueUsd":631.4586035882386,"boughtbackToken":2.985590832}
