{"lastTimestamp":1696649294.924,"lastAnnualValueUsd":101.36775629191402,"timestamp":1696922016.615,"annualValueUsd":62.29321548961146,"boughtbackToken":2.371658819}
