{"lastTimestamp":1699843895.632,"lastAnnualValueUsd":606.5911471956906,"timestamp":1699930491.666,"annualValueUsd":3295.055099410353,"boughtbackToken":3.178864732}
