{"lastTimestamp":1704363605.911,"lastAnnualValueUsd":80622.7427988,"timestamp":1704424379.069,"annualValueUsd":70752.9573436,"boughtbackToken":54.780735863}
