{"lastTimestamp":1701484532.798,"lastAnnualValueUsd":4179.164325981315,"timestamp":1701558216.419,"annualValueUsd":5984.067415152569,"boughtbackToken":5.339740868}
