{"lastTimestamp":1696213238.155,"lastAnnualValueUsd":518.4670844383681,"timestamp":1696299493.315,"annualValueUsd":129.82021609398413,"boughtbackToken":2.312823045}
