{"lastTimestamp":1701558216.419,"lastAnnualValueUsd":5984.067415152569,"timestamp":1701652690.224,"annualValueUsd":3020.7097505227753,"boughtbackToken":5.483926188}
