{"lastTimestamp":1703041634.752,"lastAnnualValueUsd":59469.0759425,"timestamp":1703126450.588,"annualValueUsd":132376.713116,"boughtbackToken":18.659717348}
