{"lastTimestamp":1698289697.031,"lastAnnualValueUsd":66.739760056186,"timestamp":1698632526.616,"annualValueUsd":113.79556279257889,"boughtbackToken":2.596774469}
