{"lastTimestamp":1703756133,"lastAnnualValueUsd":114803.041124,"timestamp":1703831254.666,"annualValueUsd":245111.480378,"boughtbackToken":40.836231049}
