{"lastTimestamp":1691638948.289,"lastAnnualValueUsd":339.68820494963313,"timestamp":1691980334.865,"annualValueUsd":49.2588715857,"boughtbackToken":0.4724}
