{"lastTimestamp":1692156926.897,"lastAnnualValueUsd":20.045032797977093,"timestamp":1692846671.667,"annualValueUsd":1032.0649248301154,"boughtbackToken":1.518265861}
