{"lastTimestamp":1700977746.387,"lastAnnualValueUsd":4834.95736436,"timestamp":1701076016.821,"annualValueUsd":3466.95986639,"boughtbackToken":4.065821065}
