{"lastTimestamp":1704762805.107,"lastAnnualValueUsd":35245.6603445,"timestamp":1704851861.778,"annualValueUsd":32270.097676,"boughtbackToken":59.754544158}
